fecha,sensor_temperatura,sensor_humedad,sensor_luz,actuador_luces,actuador_calefaccion
2024-10-01T13:30,20.6,39.3,219,ON,OFF
2024-10-01T14:00,29.3,57.1,902,ON,OFF
2024-10-01T14:30,26.0,73.6,162,ON,OFF
2024-10-01T15:00,24.0,66.6,950,OFF,OFF
2024-10-01T15:30,17.3,70.3,219,ON,ON
2024-10-01T16:00,17.3,62.9,269,ON,ON
2024-10-01T16:30,15.9,64.6,631,OFF,ON
2024-10-01T17:00,28.0,72.5,905,ON,OFF
2024-10-01T17:30,24.0,42.5,847,OFF,OFF
2024-10-01T18:00,25.6,54.5,399,OFF,OFF
2024-10-01T18:30,15.3,41.1,181,ON,ON
2024-10-01T19:00,29.5,79.4,990,OFF,OFF
2024-10-01T19:30,27.5,77.2,617,ON,OFF
2024-10-01T20:00,18.2,32.0,728,OFF,ON
2024-10-01T20:30,17.7,65.3,204,ON,ON
2024-10-01T21:00,17.8,76.3,581,ON,ON
2024-10-01T21:30,19.6,39.0,555,ON,ON
2024-10-01T22:00,22.9,58.4,840,ON,OFF
2024-10-01T22:30,21.5,75.8,812,OFF,OFF
2024-10-01T23:00,19.4,31.7,227,ON,ON
2024-10-01T23:30,24.2,64.9,695,OFF,OFF
2024-10-02T00:00,17.1,44.9,618,OFF,ON
2024-10-02T00:30,19.4,76.2,595,OFF,ON
2024-10-02T01:00,20.5,78.6,849,ON,OFF
2024-10-02T01:30,21.8,77.2,249,ON,OFF
2024-10-02T02:00,26.8,53.7,874,ON,OFF
2024-10-02T02:30,18.0,73.1,440,ON,ON
2024-10-02T03:00,22.7,72.2,532,ON,OFF
2024-10-02T03:30,23.9,46.0,195,ON,OFF
2024-10-02T04:00,15.7,71.4,689,ON,ON
2024-10-02T04:30,24.1,31.9,928,ON,OFF
2024-10-02T05:00,17.6,59.8,986,ON,ON
2024-10-02T05:30,16.0,41.5,518,ON,ON
2024-10-02T06:00,29.2,36.0,69,ON,OFF
2024-10-02T06:30,29.5,33.8,638,ON,OFF
2024-10-02T07:00,27.1,64.8,398,ON,OFF
2024-10-02T07:30,19.6,47.0,977,OFF,ON
2024-10-02T08:00,16.5,66.2,671,OFF,ON
2024-10-02T08:30,25.3,33.3,759,OFF,OFF
2024-10-02T09:00,21.6,45.8,202,ON,OFF
2024-10-02T09:30,16.8,57.0,147,ON,ON
2024-10-02T10:00,22.4,69.5,471,ON,OFF
2024-10-02T10:30,15.5,45.9,654,ON,ON
2024-10-02T11:00,28.6,61.3,943,OFF,OFF
2024-10-02T11:30,18.9,74.3,198,ON,ON
2024-10-02T12:00,24.9,60.8,916,ON,OFF
2024-10-02T12:30,19.7,41.6,425,ON,ON
2024-10-02T13:00,22.8,31.2,665,ON,OFF
2024-10-02T13:30,23.2,73.5,491,ON,OFF
2024-10-02T14:00,17.8,31.1,887,ON,ON
2024-10-02T14:30,29.5,73.7,895,ON,OFF
2024-10-02T15:00,26.6,56.4,141,ON,OFF
2024-10-02T15:30,29.1,77.0,312,OFF,OFF
2024-10-02T16:00,28.4,69.9,164,ON,OFF
2024-10-02T16:30,24.0,79.9,313,ON,OFF
2024-10-02T17:00,28.8,47.5,20,ON,OFF
2024-10-02T17:30,16.3,68.4,81,ON,ON
2024-10-02T18:00,17.9,50.1,580,ON,ON
2024-10-02T18:30,15.7,54.0,130,ON,ON
2024-10-02T19:00,19.9,61.4,598,OFF,ON
2024-10-02T19:30,20.8,73.7,729,ON,OFF
2024-10-02T20:00,19.1,79.2,932,ON,ON
2024-10-02T20:30,27.4,68.4,983,OFF,OFF
2024-10-02T21:00,20.4,50.9,304,ON,OFF
2024-10-02T21:30,19.2,51.1,914,ON,ON
2024-10-02T22:00,23.1,66.9,370,ON,OFF
2024-10-02T22:30,17.1,41.9,856,ON,ON
2024-10-02T23:00,27.0,35.5,852,OFF,OFF
2024-10-02T23:30,16.1,47.7,383,OFF,ON
2024-10-03T00:00,29.8,44.4,907,ON,OFF
2024-10-03T00:30,26.6,44.8,1016,OFF,OFF
2024-10-03T01:00,18.0,41.7,444,OFF,ON
2024-10-03T01:30,15.1,32.1,424,ON,ON
2024-10-03T02:00,27.2,30.9,160,ON,OFF
2024-10-03T02:30,25.6,79.4,177,ON,OFF
2024-10-03T03:00,25.9,51.4,628,OFF,OFF
2024-10-03T03:30,26.6,49.2,707,ON,OFF
2024-10-03T04:00,16.1,64.0,894,ON,ON
2024-10-03T04:30,20.4,40.9,489,ON,OFF
2024-10-03T05:00,16.7,77.5,1016,ON,ON
2024-10-03T05:30,27.9,69.3,326,ON,OFF
2024-10-03T06:00,24.3,34.5,597,OFF,OFF
2024-10-03T06:30,20.0,50.9,1014,ON,OFF
2024-10-03T07:00,16.0,74.0,288,ON,ON
2024-10-03T07:30,19.7,77.2,592,ON,ON
2024-10-03T08:00,19.9,53.4,663,ON,ON
2024-10-03T08:30,25.9,60.7,572,OFF,OFF
2024-10-03T09:00,24.6,38.4,572,OFF,OFF
2024-10-03T09:30,28.3,79.6,353,OFF,OFF
2024-10-03T10:00,22.1,41.6,27,ON,OFF
2024-10-03T10:30,16.8,77.1,953,OFF,ON
2024-10-03T11:00,25.7,62.5,42,ON,OFF
2024-10-03T11:30,26.4,60.4,680,OFF,OFF
2024-10-03T12:00,23.4,55.6,422,ON,OFF
2024-10-03T12:30,26.6,41.5,597,OFF,OFF
2024-10-03T13:00,22.4,38.8,176,ON,OFF
2024-10-03T13:30,22.8,41.0,528,OFF,OFF
2024-10-03T14:00,21.4,39.3,609,OFF,OFF
2024-10-03T14:30,15.4,69.0,965,OFF,ON
2024-10-03T15:00,16.6,47.5,493,ON,ON
2024-10-03T15:30,15.5,32.9,197,ON,ON
2024-10-03T16:00,24.5,78.5,609,ON,OFF
2024-10-03T16:30,19.7,74.2,576,ON,ON
2024-10-03T17:00,22.6,76.4,841,OFF,OFF
2024-10-03T17:30,28.6,79.7,852,ON,OFF
2024-10-03T18:00,18.7,38.7,516,ON,ON
2024-10-03T18:30,21.2,49.8,513,OFF,OFF
2024-10-03T19:00,26.3,67.9,21,ON,OFF
2024-10-03T19:30,18.4,64.8,111,ON,ON
2024-10-03T20:00,16.2,37.7,56,ON,ON
2024-10-03T20:30,19.3,70.8,65,ON,ON
2024-10-03T21:00,17.4,41.2,841,ON,ON
2024-10-03T21:30,28.9,41.2,97,ON,OFF
2024-10-03T22:00,27.1,56.8,143,ON,OFF
2024-10-03T22:30,24.5,59.6,879,OFF,OFF
2024-10-03T23:00,28.1,59.0,434,ON,OFF
2024-10-03T23:30,27.1,34.6,636,ON,OFF
2024-10-04T00:00,17.8,73.9,678,ON,ON
2024-10-04T00:30,28.4,43.3,85,ON,OFF
2024-10-04T01:00,23.1,36.5,587,OFF,OFF
2024-10-04T01:30,27.1,74.4,343,ON,OFF
2024-10-04T02:00,28.4,77.8,1006,ON,OFF
2024-10-04T02:30,19.8,73.1,935,OFF,ON
2024-10-04T03:00,16.7,70.5,293,ON,ON
2024-10-04T03:30,18.4,62.8,955,ON,ON
2024-10-04T04:00,21.4,57.5,570,OFF,OFF
2024-10-04T04:30,27.3,34.3,649,OFF,OFF
2024-10-04T05:00,27.9,50.4,610,ON,OFF
2024-10-04T05:30,15.1,48.6,703,OFF,ON
2024-10-04T06:00,22.7,43.0,242,ON,OFF
2024-10-04T06:30,21.3,66.2,830,ON,OFF
2024-10-04T07:00,18.3,54.8,560,OFF,ON
2024-10-04T07:30,16.8,34.1,959,ON,ON
2024-10-04T08:00,20.1,41.0,31,ON,OFF
2024-10-04T08:30,29.1,64.2,390,OFF,OFF
2024-10-04T09:00,19.8,33.8,276,ON,ON
2024-10-04T09:30,22.8,72.6,531,ON,OFF
2024-10-04T10:00,25.5,54.8,153,ON,OFF
2024-10-04T10:30,20.5,54.0,382,OFF,OFF
2024-10-04T11:00,29.6,59.6,67,ON,OFF
2024-10-04T11:30,29.4,71.2,877,ON,OFF
2024-10-04T12:00,18.8,47.4,883,ON,ON
2024-10-04T12:30,22.5,63.9,213,ON,OFF
2024-10-04T13:00,19.5,58.3,654,ON,ON
2024-10-04T13:30,19.3,43.4,375,ON,ON
2024-10-04T14:00,15.6,73.9,743,OFF,ON
2024-10-04T14:30,24.1,69.9,212,ON,OFF
2024-10-04T15:00,22.5,62.9,78,ON,OFF
2024-10-04T15:30,15.8,72.5,725,ON,ON
2024-10-04T16:00,19.2,73.4,627,OFF,ON
2024-10-04T16:30,28.6,65.4,603,OFF,OFF
2024-10-04T17:00,18.6,71.9,781,OFF,ON
2024-10-04T17:30,17.2,64.9,922,ON,ON
2024-10-04T18:00,22.3,64.0,380,ON,OFF
2024-10-04T18:30,29.8,60.9,1000,OFF,OFF
2024-10-04T19:00,18.6,67.6,679,ON,ON
2024-10-04T19:30,25.1,37.9,57,ON,OFF
2024-10-04T20:00,26.4,74.0,795,ON,OFF
2024-10-04T20:30,18.6,73.6,25,ON,ON
2024-10-04T21:00,25.9,31.5,880,OFF,OFF
2024-10-04T21:30,20.5,71.3,446,OFF,OFF
2024-10-04T22:00,24.5,36.4,65,ON,OFF
2024-10-04T22:30,24.5,46.8,920,OFF,OFF
2024-10-04T23:00,23.0,67.2,759,ON,OFF
2024-10-04T23:30,16.4,38.0,253,ON,ON
2024-10-05T00:00,27.5,70.9,898,OFF,OFF
2024-10-05T00:30,19.8,71.6,967,ON,ON
2024-10-05T01:00,17.8,55.4,43,ON,ON
2024-10-05T01:30,15.6,30.3,96,ON,ON
2024-10-05T02:00,23.9,44.4,553,ON,OFF
2024-10-05T02:30,25.2,60.8,1011,OFF,OFF
2024-10-05T03:00,15.2,79.1,226,ON,ON
2024-10-05T03:30,22.7,61.6,773,ON,OFF
2024-10-05T04:00,18.4,43.0,678,ON,ON
2024-10-05T04:30,24.7,61.7,435,ON,OFF
2024-10-05T05:00,17.6,57.0,790,OFF,ON
2024-10-05T05:30,25.4,69.0,600,OFF,OFF
2024-10-05T06:00,20.8,35.3,378,OFF,OFF
2024-10-05T06:30,29.1,68.1,177,ON,OFF
2024-10-05T07:00,17.1,57.1,426,OFF,ON
2024-10-05T07:30,20.1,78.1,914,ON,OFF
2024-10-05T08:00,16.7,47.1,708,ON,ON
2024-10-05T08:30,28.9,61.6,306,ON,OFF
2024-10-05T09:00,28.2,76.6,778,ON,OFF
2024-10-05T09:30,18.9,35.1,503,ON,ON
2024-10-05T10:00,24.9,76.9,267,ON,OFF
2024-10-05T10:30,27.3,64.4,585,OFF,OFF
2024-10-05T11:00,23.3,33.4,7,ON,OFF
2024-10-05T11:30,22.9,45.0,919,ON,OFF
2024-10-05T12:00,18.6,65.4,507,ON,ON
2024-10-05T12:30,16.4,33.4,475,ON,ON
2024-10-05T13:00,28.5,59.1,296,ON,OFF
2024-10-05T13:30,28.5,47.3,163,ON,OFF
2024-10-05T14:00,24.5,61.0,484,ON,OFF
2024-10-05T14:30,20.1,32.3,596,OFF,OFF
2024-10-05T15:00,20.2,73.6,71,ON,OFF
2024-10-05T15:30,25.9,78.7,566,ON,OFF
2024-10-05T16:00,28.5,78.4,904,ON,OFF
2024-10-05T16:30,28.3,67.5,558,OFF,OFF
2024-10-05T17:00,26.7,36.5,910,ON,OFF
2024-10-05T17:30,24.6,67.9,943,ON,OFF
2024-10-05T18:00,16.3,31.2,237,ON,ON
2024-10-05T18:30,17.4,31.1,103,ON,ON
2024-10-05T19:00,28.5,46.2,209,ON,OFF
2024-10-05T19:30,24.1,54.4,553,ON,OFF
2024-10-05T20:00,15.1,68.5,827,OFF,ON
2024-10-05T20:30,16.5,64.2,467,OFF,ON
2024-10-05T21:00,25.0,52.3,453,OFF,OFF
2024-10-05T21:30,15.1,43.7,267,ON,ON
2024-10-05T22:00,17.4,79.9,385,ON,ON
2024-10-05T22:30,23.2,51.3,774,OFF,OFF
2024-10-05T23:00,25.4,52.6,847,ON,OFF
2024-10-05T23:30,24.8,38.2,386,ON,OFF
2024-10-06T00:00,18.4,69.7,876,ON,ON
2024-10-06T00:30,25.7,64.7,258,ON,OFF
2024-10-06T01:00,18.6,41.0,282,ON,ON
2024-10-06T01:30,19.9,34.1,625,ON,ON
2024-10-06T02:00,26.2,64.0,874,OFF,OFF
2024-10-06T02:30,24.7,62.7,39,ON,OFF
2024-10-06T03:00,27.7,43.7,485,OFF,OFF
2024-10-06T03:30,24.9,77.5,928,OFF,OFF
2024-10-06T04:00,23.5,37.6,219,ON,OFF
2024-10-06T04:30,16.4,51.6,128,ON,ON
2024-10-06T05:00,20.5,77.2,1014,OFF,OFF
2024-10-06T05:30,19.0,51.0,1023,OFF,ON
2024-10-06T06:00,18.7,61.9,519,ON,ON
2024-10-06T06:30,29.6,49.9,612,ON,OFF
2024-10-06T07:00,20.9,43.7,927,OFF,OFF
2024-10-06T07:30,28.4,79.2,891,ON,OFF
2024-10-06T08:00,24.5,50.5,687,OFF,OFF
2024-10-06T08:30,26.9,74.7,618,ON,OFF
2024-10-06T09:00,22.5,41.5,612,ON,OFF
2024-10-06T09:30,23.7,40.7,259,ON,OFF
2024-10-06T10:00,22.4,31.6,989,ON,OFF
2024-10-06T10:30,17.9,62.6,965,ON,ON
2024-10-06T11:00,25.8,48.4,365,ON,OFF
2024-10-06T11:30,19.2,73.2,757,OFF,ON
2024-10-06T12:00,15.4,53.7,786,ON,ON
2024-10-06T12:30,24.7,78.4,543,OFF,OFF
2024-10-06T13:00,17.7,39.3,648,ON,ON
2024-10-06T13:30,29.1,73.4,523,ON,OFF
2024-10-06T14:00,29.3,68.8,906,ON,OFF
2024-10-06T14:30,28.7,68.5,813,OFF,OFF
2024-10-06T15:00,20.6,72.2,886,ON,OFF
2024-10-06T15:30,15.2,68.1,15,ON,ON
2024-10-06T16:00,28.9,61.3,128,ON,OFF
2024-10-06T16:30,21.4,36.6,574,OFF,OFF
2024-10-06T17:00,29.5,31.6,108,ON,OFF
2024-10-06T17:30,29.5,76.0,886,ON,OFF
2024-10-06T18:00,27.8,60.8,1012,OFF,OFF
2024-10-06T18:30,19.4,69.8,532,ON,ON
2024-10-06T19:00,20.8,54.1,669,OFF,OFF
2024-10-06T19:30,27.8,35.9,268,ON,OFF
2024-10-06T20:00,19.8,36.3,161,ON,ON
2024-10-06T20:30,17.5,64.3,259,ON,ON
2024-10-06T21:00,23.4,51.5,923,OFF,OFF
2024-10-06T21:30,29.0,40.0,101,ON,OFF
2024-10-06T22:00,25.4,54.6,505,OFF,OFF
2024-10-06T22:30,23.6,33.2,734,ON,OFF
2024-10-06T23:00,16.5,59.1,570,ON,ON
2024-10-06T23:30,24.2,43.4,246,ON,OFF
2024-10-07T00:00,29.9,69.9,639,ON,OFF
2024-10-07T00:30,17.1,45.5,794,OFF,ON
2024-10-07T01:00,22.8,52.8,836,OFF,OFF
2024-10-07T01:30,28.2,30.6,536,OFF,OFF
2024-10-07T02:00,26.1,33.6,130,ON,OFF
2024-10-07T02:30,25.5,49.6,352,ON,OFF
2024-10-07T03:00,25.5,54.0,195,ON,OFF
2024-10-07T03:30,20.4,60.0,792,ON,OFF
2024-10-07T04:00,19.4,44.6,915,ON,ON
2024-10-07T04:30,27.1,64.7,929,OFF,OFF
2024-10-07T05:00,27.2,73.0,665,OFF,OFF
2024-10-07T05:30,28.0,69.0,381,OFF,OFF
2024-10-07T06:00,28.7,32.0,1021,ON,OFF
2024-10-07T06:30,22.7,54.0,644,OFF,OFF
2024-10-07T07:00,22.5,35.2,226,ON,OFF
2024-10-07T07:30,27.0,42.1,700,OFF,OFF
2024-10-07T08:00,24.7,79.3,475,ON,OFF
2024-10-07T08:30,25.5,37.1,476,OFF,OFF
2024-10-07T09:00,26.9,54.9,264,ON,OFF
2024-10-07T09:30,28.4,60.9,371,OFF,OFF
2024-10-07T10:00,20.1,65.1,485,OFF,OFF
2024-10-07T10:30,20.6,58.0,433,OFF,OFF
2024-10-07T11:00,16.4,30.5,645,ON,ON
2024-10-07T11:30,23.7,46.3,210,ON,OFF
2024-10-07T12:00,15.5,55.9,571,ON,ON
2024-10-07T12:30,22.0,34.4,939,OFF,OFF
2024-10-07T13:00,23.1,47.5,376,ON,OFF
2024-10-07T13:30,19.3,31.7,394,OFF,ON
2024-10-07T14:00,23.9,33.9,449,OFF,OFF
2024-10-07T14:30,15.5,49.8,942,OFF,ON
2024-10-07T15:00,15.6,36.6,363,OFF,ON
2024-10-07T15:30,27.3,58.4,875,ON,OFF
2024-10-07T16:00,20.4,64.5,456,ON,OFF
2024-10-07T16:30,16.9,70.0,724,ON,ON
2024-10-07T17:00,22.8,40.0,727,ON,OFF
2024-10-07T17:30,26.5,38.4,225,ON,OFF
2024-10-07T18:00,18.2,35.2,981,ON,ON
2024-10-07T18:30,24.3,61.8,130,ON,OFF
2024-10-07T19:00,16.3,65.3,587,ON,ON
2024-10-07T19:30,15.8,31.6,475,OFF,ON
2024-10-07T20:00,23.0,76.8,797,OFF,OFF
2024-10-07T20:30,23.1,32.6,985,ON,OFF
2024-10-07T21:00,24.6,57.1,1007,ON,OFF
2024-10-07T21:30,25.9,65.5,276,ON,OFF
2024-10-07T22:00,29.6,73.5,155,ON,OFF
2024-10-07T22:30,22.7,65.7,759,OFF,OFF
2024-10-07T23:00,19.8,70.1,217,ON,ON
2024-10-07T23:30,26.9,47.0,189,ON,OFF
2024-10-08T00:00,19.1,70.7,416,ON,ON
2024-10-08T00:30,21.6,34.0,980,ON,OFF
2024-10-08T01:00,16.2,74.7,674,ON,ON
2024-10-08T01:30,15.4,57.4,691,OFF,ON
2024-10-08T02:00,29.4,70.9,545,ON,OFF
2024-10-08T02:30,27.5,52.6,40,ON,OFF
2024-10-08T03:00,25.4,62.2,306,OFF,OFF
2024-10-08T03:30,21.1,56.3,942,ON,OFF
2024-10-08T04:00,17.6,66.6,337,OFF,ON
2024-10-08T04:30,17.3,34.1,313,ON,ON
2024-10-08T05:00,18.8,33.0,74,ON,ON
2024-10-08T05:30,23.2,42.4,952,ON,OFF
2024-10-08T06:00,25.7,38.0,278,ON,OFF
2024-10-08T06:30,24.9,73.6,175,ON,OFF
2024-10-08T07:00,19.2,41.0,895,OFF,ON
2024-10-08T07:30,29.3,78.8,661,OFF,OFF
2024-10-08T08:00,26.1,46.8,272,ON,OFF
2024-10-08T08:30,23.3,39.1,836,OFF,OFF
2024-10-08T09:00,24.2,69.5,619,OFF,OFF
2024-10-08T09:30,21.3,62.9,650,OFF,OFF
2024-10-08T10:00,18.7,54.9,861,OFF,ON
2024-10-08T10:30,20.3,57.8,782,OFF,OFF
2024-10-08T11:00,26.4,66.0,858,ON,OFF
2024-10-08T11:30,15.2,41.4,930,ON,ON
2024-10-08T12:00,16.7,79.8,288,ON,ON
2024-10-08T12:30,15.7,78.7,723,ON,ON
2024-10-08T13:00,15.6,62.5,892,OFF,ON
2024-10-08T13:30,27.8,40.0,271,ON,OFF
2024-10-08T14:00,25.6,64.0,929,ON,OFF
2024-10-08T14:30,22.1,33.6,65,ON,OFF
2024-10-08T15:00,16.5,31.5,482,ON,ON
2024-10-08T15:30,22.4,42.9,935,OFF,OFF
2024-10-08T16:00,22.1,53.1,247,ON,OFF
2024-10-08T16:30,17.6,73.4,155,ON,ON
2024-10-08T17:00,21.5,66.4,46,ON,OFF
2024-10-08T17:30,21.0,67.1,934,OFF,OFF
2024-10-08T18:00,24.2,51.3,453,OFF,OFF
2024-10-08T18:30,24.5,47.3,200,ON,OFF
2024-10-08T19:00,15.7,48.6,659,ON,ON
2024-10-08T19:30,20.6,79.4,123,ON,OFF
2024-10-08T20:00,24.4,32.0,0,ON,OFF
2024-10-08T20:30,22.5,73.4,967,OFF,OFF
2024-10-08T21:00,27.8,58.9,758,ON,OFF
2024-10-08T21:30,24.9,51.9,854,ON,OFF
2024-10-08T22:00,17.4,66.3,639,ON,ON
2024-10-08T22:30,16.1,54.3,190,ON,ON
2024-10-08T23:00,24.6,73.7,578,ON,OFF
2024-10-08T23:30,15.4,75.0,515,ON,ON
2024-10-09T00:00,23.8,51.1,441,OFF,OFF
2024-10-09T00:30,29.1,43.8,920,ON,OFF
2024-10-09T01:00,23.6,59.6,814,OFF,OFF
2024-10-09T01:30,20.8,75.6,805,OFF,OFF
2024-10-09T02:00,24.6,40.5,142,ON,OFF
2024-10-09T02:30,21.9,61.1,190,ON,OFF
2024-10-09T03:00,23.2,61.6,532,ON,OFF
2024-10-09T03:30,29.1,66.7,226,ON,OFF
2024-10-09T04:00,20.8,36.6,312,ON,OFF
2024-10-09T04:30,29.4,65.8,628,ON,OFF
2024-10-09T05:00,28.6,75.5,948,OFF,OFF
2024-10-09T05:30,17.9,39.0,301,ON,ON
2024-10-09T06:00,16.0,41.9,1011,ON,ON
2024-10-09T06:30,16.5,78.6,653,ON,ON
2024-10-09T07:00,15.3,39.0,995,OFF,ON
2024-10-09T07:30,16.4,72.7,459,OFF,ON
2024-10-09T08:00,25.2,54.6,400,ON,OFF
2024-10-09T08:30,16.1,42.4,550,OFF,ON
2024-10-09T09:00,19.8,73.5,392,OFF,ON
2024-10-09T09:30,27.7,52.3,866,OFF,OFF
2024-10-09T10:00,15.3,55.7,763,OFF,ON
2024-10-09T10:30,27.2,48.0,844,OFF,OFF
2024-10-09T11:00,19.2,59.6,206,ON,ON
2024-10-09T11:30,16.8,38.2,209,ON,ON
2024-10-09T12:00,25.5,49.6,114,ON,OFF
2024-10-09T12:30,24.4,78.5,736,OFF,OFF
2024-10-09T13:00,28.2,42.9,645,OFF,OFF
2024-10-09T13:30,26.0,62.8,250,ON,OFF
2024-10-09T14:00,27.1,46.3,218,ON,OFF
2024-10-09T14:30,19.2,68.7,406,ON,ON
2024-10-09T15:00,17.7,36.5,442,ON,ON
2024-10-09T15:30,26.3,78.5,602,ON,OFF
2024-10-09T16:00,27.1,52.7,353,OFF,OFF
2024-10-09T16:30,29.9,41.8,887,OFF,OFF
2024-10-09T17:00,21.2,33.7,557,ON,OFF
2024-10-09T17:30,20.6,38.5,549,OFF,OFF
2024-10-09T18:00,26.6,56.0,141,ON,OFF
2024-10-09T18:30,20.1,46.9,611,ON,OFF
2024-10-09T19:00,29.0,71.4,500,ON,OFF
2024-10-09T19:30,27.9,51.5,839,OFF,OFF
2024-10-09T20:00,21.4,42.4,701,ON,OFF
2024-10-09T20:30,26.3,60.9,546,ON,OFF
2024-10-09T21:00,26.3,65.3,658,OFF,OFF
2024-10-09T21:30,16.5,38.4,541,OFF,ON
2024-10-09T22:00,28.5,38.4,1022,ON,OFF
2024-10-09T22:30,22.6,31.8,845,OFF,OFF
2024-10-09T23:00,27.4,66.8,506,OFF,OFF
2024-10-09T23:30,19.8,63.2,595,ON,ON
2024-10-10T00:00,28.4,53.7,880,ON,OFF
2024-10-10T00:30,20.8,72.2,280,ON,OFF
2024-10-10T01:00,15.2,70.3,423,OFF,ON
2024-10-10T01:30,28.6,59.3,855,ON,OFF
2024-10-10T02:00,16.4,73.4,269,ON,ON
2024-10-10T02:30,19.8,40.3,153,ON,ON
2024-10-10T03:00,29.3,35.6,613,OFF,OFF
2024-10-10T03:30,29.3,43.5,726,OFF,OFF
2024-10-10T04:00,23.6,32.9,661,OFF,OFF
2024-10-10T04:30,24.5,56.6,943,ON,OFF
2024-10-10T05:00,21.7,76.8,1016,OFF,OFF
2024-10-10T05:30,19.4,32.0,82,ON,ON
2024-10-10T06:00,19.9,36.1,621,ON,ON
2024-10-10T06:30,25.1,52.6,946,ON,OFF
2024-10-10T07:00,26.3,76.7,898,ON,OFF
2024-10-10T07:30,26.9,45.8,425,ON,OFF
2024-10-10T08:00,26.8,55.4,274,ON,OFF
2024-10-10T08:30,16.4,32.1,712,OFF,ON
2024-10-10T09:00,22.4,37.4,283,ON,OFF
2024-10-10T09:30,15.9,79.3,979,ON,ON
2024-10-10T10:00,23.2,78.3,172,ON,OFF
2024-10-10T10:30,21.6,30.2,326,ON,OFF
2024-10-10T11:00,28.3,77.6,717,OFF,OFF
2024-10-10T11:30,20.3,62.0,62,ON,OFF
2024-10-10T12:00,16.8,73.4,72,ON,ON
2024-10-10T12:30,17.1,52.7,762,ON,ON
2024-10-10T13:00,26.4,55.8,635,OFF,OFF
2024-10-10T13:30,24.3,54.4,374,ON,OFF
2024-10-10T14:00,16.5,63.3,632,OFF,ON
2024-10-10T14:30,16.3,37.0,507,OFF,ON
2024-10-10T15:00,25.5,31.5,786,ON,OFF
2024-10-10T15:30,16.1,45.4,942,ON,ON
2024-10-10T16:00,27.3,65.2,1011,ON,OFF
2024-10-10T16:30,25.6,40.1,397,OFF,OFF
2024-10-10T17:00,16.2,63.7,119,ON,ON
2024-10-10T17:30,16.3,78.5,933,ON,ON
2024-10-10T18:00,29.8,34.7,436,ON,OFF
2024-10-10T18:30,20.6,63.6,828,ON,OFF
2024-10-10T19:00,20.6,52.2,675,ON,OFF
2024-10-10T19:30,27.2,73.4,935,ON,OFF
2024-10-10T20:00,29.2,38.9,464,OFF,OFF
2024-10-10T20:30,29.8,64.6,285,ON,OFF
2024-10-10T21:00,26.3,71.9,264,ON,OFF
2024-10-10T21:30,20.6,77.2,319,ON,OFF
2024-10-10T22:00,16.3,64.2,672,ON,ON
2024-10-10T22:30,26.7,54.9,375,OFF,OFF
2024-10-10T23:00,23.4,60.9,819,OFF,OFF
2024-10-10T23:30,21.4,73.4,88,ON,OFF
2024-10-11T00:00,28.6,58.5,653,ON,OFF
2024-10-11T00:30,16.7,31.5,202,ON,ON
2024-10-11T01:00,22.4,76.5,820,ON,OFF
2024-10-11T01:30,15.2,64.5,738,ON,ON
2024-10-11T02:00,22.0,63.8,1000,OFF,OFF
2024-10-11T02:30,15.8,40.8,954,ON,ON
2024-10-11T03:00,16.8,62.9,333,OFF,ON
2024-10-11T03:30,16.8,49.7,221,ON,ON
2024-10-11T04:00,24.7,62.6,40,ON,OFF
2024-10-11T04:30,26.2,35.3,707,OFF,OFF
2024-10-11T05:00,23.8,62.9,1018,OFF,OFF
2024-10-11T05:30,29.4,80.0,67,ON,OFF
2024-10-11T06:00,20.6,32.4,987,ON,OFF
2024-10-11T06:30,19.3,78.9,775,ON,ON
2024-10-11T07:00,28.0,50.3,513,ON,OFF
2024-10-11T07:30,18.4,73.5,872,ON,ON
2024-10-11T08:00,29.4,69.1,636,OFF,OFF
2024-10-11T08:30,15.2,58.4,621,OFF,ON
2024-10-11T09:00,29.5,66.9,597,OFF,OFF
2024-10-11T09:30,15.6,73.9,936,OFF,ON
2024-10-11T10:00,28.4,50.2,631,ON,OFF
2024-10-11T10:30,22.9,46.4,126,ON,OFF
2024-10-11T11:00,29.9,63.4,254,ON,OFF
2024-10-11T11:30,16.1,70.4,694,ON,ON
2024-10-11T12:00,23.3,68.1,15,ON,OFF
2024-10-11T12:30,29.5,69.9,476,ON,OFF
2024-10-11T13:00,22.8,51.8,61,ON,OFF
2024-10-11T13:30,24.4,70.9,880,OFF,OFF
2024-10-11T14:00,25.4,36.0,431,OFF,OFF
2024-10-11T14:30,21.8,57.2,669,OFF,OFF
2024-10-11T15:00,24.4,30.3,267,ON,OFF
2024-10-11T15:30,23.8,46.2,34,ON,OFF
2024-10-11T16:00,28.5,48.3,778,ON,OFF
2024-10-11T16:30,15.7,49.8,575,ON,ON
2024-10-11T17:00,19.2,64.8,493,OFF,ON
2024-10-11T17:30,29.3,49.4,561,ON,OFF
2024-10-11T18:00,28.4,52.4,468,OFF,OFF
2024-10-11T18:30,21.8,41.9,766,OFF,OFF
2024-10-11T19:00,24.3,48.7,660,OFF,OFF
2024-10-11T19:30,19.2,41.4,324,ON,ON
2024-10-11T20:00,17.8,33.7,303,ON,ON
2024-10-11T20:30,22.0,60.2,275,ON,OFF
2024-10-11T21:00,20.3,63.4,868,ON,OFF
2024-10-11T21:30,23.8,61.0,962,ON,OFF
2024-10-11T22:00,16.2,53.2,683,ON,ON
2024-10-11T22:30,29.6,49.0,928,OFF,OFF
2024-10-11T23:00,29.8,73.2,1012,OFF,OFF
2024-10-11T23:30,25.5,56.0,1020,ON,OFF
2024-10-12T00:00,23.0,54.0,200,ON,OFF
2024-10-12T00:30,19.6,31.3,444,ON,ON
2024-10-12T01:00,27.2,47.1,904,ON,OFF
2024-10-12T01:30,25.3,49.0,323,ON,OFF
2024-10-12T02:00,17.4,49.9,34,ON,ON
2024-10-12T02:30,28.7,59.0,976,OFF,OFF
2024-10-12T03:00,27.3,56.7,481,ON,OFF
2024-10-12T03:30,29.2,60.4,727,ON,OFF
2024-10-12T04:00,25.9,68.2,479,ON,OFF
2024-10-12T04:30,24.2,70.6,64,ON,OFF
2024-10-12T05:00,21.3,65.9,7,ON,OFF
2024-10-12T05:30,29.0,77.8,300,OFF,OFF
2024-10-12T06:00,28.0,30.9,342,OFF,OFF
2024-10-12T06:30,15.7,39.8,430,ON,ON
2024-10-12T07:00,15.4,30.4,423,OFF,ON
2024-10-12T07:30,20.6,62.4,331,OFF,OFF
2024-10-12T08:00,27.2,74.9,437,OFF,OFF
2024-10-12T08:30,29.8,42.2,587,ON,OFF
2024-10-12T09:00,17.3,76.4,173,ON,ON
2024-10-12T09:30,23.9,33.0,558,OFF,OFF
2024-10-12T10:00,20.7,76.7,526,OFF,OFF
2024-10-12T10:30,29.5,47.6,872,OFF,OFF
2024-10-12T11:00,27.6,35.1,658,OFF,OFF
2024-10-12T11:30,27.6,54.3,25,ON,OFF
2024-10-12T12:00,22.0,42.8,819,OFF,OFF
2024-10-12T12:30,21.2,44.2,604,ON,OFF
2024-10-12T13:00,19.1,45.4,405,OFF,ON
2024-10-12T13:30,15.8,70.2,231,ON,ON
2024-10-12T14:00,28.0,57.0,532,OFF,OFF
2024-10-12T14:30,27.2,45.6,818,OFF,OFF
2024-10-12T15:00,30.0,60.5,549,ON,OFF
2024-10-12T15:30,29.9,65.8,787,OFF,OFF
2024-10-12T16:00,23.3,43.6,504,OFF,OFF
2024-10-12T16:30,26.5,50.7,668,ON,OFF
2024-10-12T17:00,29.2,36.1,178,ON,OFF
2024-10-12T17:30,27.7,39.1,131,ON,OFF
2024-10-12T18:00,18.7,64.1,822,OFF,ON
2024-10-12T18:30,21.8,39.1,454,OFF,OFF
2024-10-12T19:00,16.9,56.3,347,OFF,ON
2024-10-12T19:30,29.3,65.5,539,ON,OFF
2024-10-12T20:00,24.1,35.3,771,ON,OFF
2024-10-12T20:30,18.4,58.4,405,OFF,ON
2024-10-12T21:00,25.1,42.8,75,ON,OFF
2024-10-12T21:30,24.3,78.1,940,ON,OFF
2024-10-12T22:00,20.4,54.2,578,OFF,OFF
2024-10-12T22:30,16.7,70.3,853,ON,ON
2024-10-12T23:00,25.1,57.5,491,OFF,OFF
2024-10-12T23:30,22.8,32.2,193,ON,OFF
2024-10-13T00:00,26.6,61.7,983,ON,OFF
2024-10-13T00:30,22.8,77.6,161,ON,OFF
2024-10-13T01:00,27.8,60.1,346,OFF,OFF
2024-10-13T01:30,23.3,71.0,950,ON,OFF
2024-10-13T02:00,23.4,74.2,360,ON,OFF
2024-10-13T02:30,28.1,41.4,768,ON,OFF
2024-10-13T03:00,21.1,40.6,583,ON,OFF
2024-10-13T03:30,17.0,60.5,86,ON,ON
2024-10-13T04:00,15.4,50.6,933,OFF,ON
2024-10-13T04:30,26.3,72.0,261,ON,OFF
2024-10-13T05:00,24.3,75.0,213,ON,OFF
2024-10-13T05:30,25.6,47.7,664,OFF,OFF
2024-10-13T06:00,18.2,41.8,721,ON,ON
2024-10-13T06:30,17.0,69.0,912,OFF,ON
2024-10-13T07:00,15.2,43.7,572,ON,ON
2024-10-13T07:30,20.3,71.1,779,OFF,OFF
2024-10-13T08:00,23.8,51.2,261,ON,OFF
2024-10-13T08:30,20.9,63.4,729,OFF,OFF
2024-10-13T09:00,21.6,34.8,282,ON,OFF
2024-10-13T09:30,28.6,61.2,647,OFF,OFF
2024-10-13T10:00,20.2,52.6,466,ON,OFF
2024-10-13T10:30,22.7,59.3,379,OFF,OFF
2024-10-13T11:00,26.8,38.4,361,ON,OFF
2024-10-13T11:30,20.9,66.8,448,OFF,OFF
2024-10-13T12:00,24.3,73.1,440,ON,OFF
2024-10-13T12:30,27.9,40.8,92,ON,OFF
2024-10-13T13:00,29.2,34.8,620,OFF,OFF
2024-10-13T13:30,17.2,31.2,752,OFF,ON
2024-10-13T14:00,28.9,62.1,866,OFF,OFF
2024-10-13T14:30,22.4,60.4,423,ON,OFF
2024-10-13T15:00,18.9,57.3,141,ON,ON
2024-10-13T15:30,21.9,41.6,290,ON,OFF
2024-10-13T16:00,29.7,49.5,431,OFF,OFF
2024-10-13T16:30,22.4,59.7,748,ON,OFF
2024-10-13T17:00,19.9,54.8,851,OFF,ON
2024-10-13T17:30,24.5,79.4,823,ON,OFF
2024-10-13T18:00,18.6,36.8,688,ON,ON
2024-10-13T18:30,16.1,64.8,652,OFF,ON
2024-10-13T19:00,16.9,50.2,700,ON,ON
2024-10-13T19:30,16.9,51.4,997,ON,ON
2024-10-13T20:00,17.3,65.9,48,ON,ON
2024-10-13T20:30,17.1,64.6,301,ON,ON
2024-10-13T21:00,24.6,79.6,880,ON,OFF
2024-10-13T21:30,17.7,36.4,189,ON,ON
2024-10-13T22:00,20.2,35.2,135,ON,OFF
2024-10-13T22:30,28.5,66.2,554,OFF,OFF
2024-10-13T23:00,22.1,58.9,403,OFF,OFF
2024-10-13T23:30,25.0,43.7,891,ON,OFF
2024-10-14T00:00,17.6,34.0,864,ON,ON
2024-10-14T00:30,17.9,34.3,601,ON,ON
2024-10-14T01:00,15.6,74.7,806,ON,ON
2024-10-14T01:30,17.5,39.6,340,OFF,ON
2024-10-14T02:00,19.2,46.2,756,OFF,ON
2024-10-14T02:30,17.7,41.3,944,ON,ON
2024-10-14T03:00,16.3,47.7,703,ON,ON
2024-10-14T03:30,16.8,33.5,317,ON,ON
2024-10-14T04:00,21.9,56.0,617,OFF,OFF
2024-10-14T04:30,18.1,33.4,362,OFF,ON
2024-10-14T05:00,20.5,70.0,821,ON,OFF
2024-10-14T05:30,22.6,41.7,381,ON,OFF
2024-10-14T06:00,25.4,57.0,232,ON,OFF
2024-10-14T06:30,15.6,74.0,776,OFF,ON
2024-10-14T07:00,27.0,62.5,343,OFF,OFF
2024-10-14T07:30,24.4,56.6,548,ON,OFF
2024-10-14T08:00,16.2,46.2,816,ON,ON
2024-10-14T08:30,28.1,46.7,552,ON,OFF
2024-10-14T09:00,28.8,63.5,528,OFF,OFF
2024-10-14T09:30,15.9,79.7,855,ON,ON
2024-10-14T10:00,19.2,63.1,788,ON,ON
2024-10-14T10:30,27.1,57.9,818,OFF,OFF
2024-10-14T11:00,26.2,66.5,570,ON,OFF
2024-10-14T11:30,17.8,53.3,934,OFF,ON
2024-10-14T12:00,18.1,33.0,182,ON,ON
2024-10-14T12:30,20.6,58.1,40,ON,OFF
2024-10-14T13:00,22.3,77.9,550,ON,OFF
2024-10-14T13:30,24.3,38.8,396,ON,OFF
2024-10-14T14:00,20.5,64.5,703,OFF,OFF
2024-10-14T14:30,21.9,40.0,778,ON,OFF
2024-10-14T15:00,26.2,56.8,493,OFF,OFF
2024-10-14T15:30,15.6,34.8,658,OFF,ON
2024-10-14T16:00,18.8,52.5,906,ON,ON
2024-10-14T16:30,25.7,67.8,332,OFF,OFF
2024-10-14T17:00,28.4,47.4,126,ON,OFF
2024-10-14T17:30,22.7,63.2,557,ON,OFF
2024-10-14T18:00,23.0,69.8,556,OFF,OFF
2024-10-14T18:30,16.6,76.4,0,ON,ON
2024-10-14T19:00,21.7,41.7,167,ON,OFF
2024-10-14T19:30,23.0,50.0,619,ON,OFF
2024-10-14T20:00,18.6,37.6,18,ON,ON
2024-10-14T20:30,19.0,79.6,331,OFF,ON
2024-10-14T21:00,20.7,76.4,583,ON,OFF
2024-10-14T21:30,15.3,57.0,455,ON,ON
2024-10-14T22:00,19.8,72.1,956,OFF,ON
2024-10-14T22:30,18.2,56.0,1012,OFF,ON
2024-10-14T23:00,19.9,61.2,108,ON,ON
2024-10-14T23:30,16.8,34.5,267,ON,ON
2024-10-15T00:00,28.4,67.8,444,ON,OFF
2024-10-15T00:30,23.9,36.4,239,ON,OFF
2024-10-15T01:00,25.2,71.3,928,ON,OFF
2024-10-15T01:30,26.8,69.1,300,OFF,OFF
2024-10-15T02:00,22.5,65.4,601,OFF,OFF
2024-10-15T02:30,16.3,31.8,102,ON,ON
2024-10-15T03:00,23.1,45.2,987,ON,OFF
2024-10-15T03:30,23.8,43.2,249,ON,OFF
2024-10-15T04:00,26.2,48.0,452,ON,OFF
2024-10-15T04:30,21.5,34.4,519,ON,OFF
2024-10-15T05:00,16.9,76.8,152,ON,ON
2024-10-15T05:30,19.3,57.7,858,OFF,ON
2024-10-15T06:00,20.4,45.3,173,ON,OFF
2024-10-15T06:30,24.7,49.8,342,ON,OFF
2024-10-15T07:00,23.6,52.4,669,ON,OFF
2024-10-15T07:30,20.3,60.0,1004,OFF,OFF
2024-10-15T08:00,29.8,55.8,430,ON,OFF
2024-10-15T08:30,24.1,76.0,726,ON,OFF
2024-10-15T09:00,18.6,54.8,688,ON,ON
2024-10-15T09:30,16.5,79.6,686,ON,ON
2024-10-15T10:00,17.3,72.6,851,ON,ON
2024-10-15T10:30,18.7,40.4,849,OFF,ON
2024-10-15T11:00,17.4,76.5,657,ON,ON
2024-10-15T11:30,17.8,35.8,961,OFF,ON
2024-10-15T12:00,19.3,70.9,323,OFF,ON
2024-10-15T12:30,17.6,49.0,989,OFF,ON
2024-10-15T13:00,28.5,73.9,672,ON,OFF
2024-10-15T13:30,16.2,73.4,638,ON,ON
2024-10-15T14:00,22.9,70.3,419,ON,OFF
2024-10-15T14:30,21.2,69.5,593,ON,OFF
2024-10-15T15:00,29.7,45.2,484,ON,OFF
2024-10-15T15:30,16.7,34.0,658,OFF,ON
2024-10-15T16:00,21.0,50.1,750,ON,OFF
2024-10-15T16:30,29.5,38.7,411,ON,OFF
2024-10-15T17:00,28.0,64.7,935,ON,OFF
2024-10-15T17:30,27.3,47.3,83,ON,OFF
2024-10-15T18:00,18.9,78.8,112,ON,ON
2024-10-15T18:30,17.6,62.0,736,OFF,ON
2024-10-15T19:00,25.0,71.1,331,ON,OFF
2024-10-15T19:30,28.9,36.6,377,OFF,OFF
2024-10-15T20:00,23.4,73.1,754,ON,OFF
2024-10-15T20:30,23.6,76.1,654,OFF,OFF
2024-10-15T21:00,19.2,54.4,40,ON,ON
2024-10-15T21:30,26.5,60.3,934,OFF,OFF
2024-10-15T22:00,17.8,68.2,769,ON,ON
2024-10-15T22:30,19.9,38.7,958,ON,ON
2024-10-15T23:00,21.4,55.1,796,ON,OFF
2024-10-15T23:30,22.6,49.9,104,ON,OFF
2024-10-16T00:00,18.6,37.3,201,ON,ON
2024-10-16T00:30,16.7,48.4,449,ON,ON
2024-10-16T01:00,24.2,33.4,818,OFF,OFF
2024-10-16T01:30,19.3,31.3,842,OFF,ON
2024-10-16T02:00,23.7,36.8,972,OFF,OFF
2024-10-16T02:30,17.3,78.2,265,ON,ON
2024-10-16T03:00,22.2,57.5,909,OFF,OFF
2024-10-16T03:30,23.0,78.3,209,ON,OFF
2024-10-16T04:00,15.8,51.6,562,ON,ON
2024-10-16T04:30,20.0,45.6,117,ON,OFF
2024-10-16T05:00,17.0,55.3,712,ON,ON
2024-10-16T05:30,16.0,52.0,376,OFF,ON
2024-10-16T06:00,29.8,35.3,550,ON,OFF
2024-10-16T06:30,19.8,62.0,539,OFF,ON
2024-10-16T07:00,27.1,40.8,770,ON,OFF
2024-10-16T07:30,18.8,61.0,83,ON,ON
2024-10-16T08:00,25.2,62.5,453,ON,OFF
2024-10-16T08:30,26.4,37.6,666,OFF,OFF
2024-10-16T09:00,23.9,33.1,628,ON,OFF
2024-10-16T09:30,22.1,69.0,513,OFF,OFF
2024-10-16T10:00,21.2,53.0,604,OFF,OFF
2024-10-16T10:30,20.2,32.9,677,OFF,OFF
2024-10-16T11:00,28.9,79.7,386,OFF,OFF
2024-10-16T11:30,27.5,32.9,911,OFF,OFF
2024-10-16T12:00,29.5,64.8,349,OFF,OFF
2024-10-16T12:30,16.9,79.2,295,ON,ON
2024-10-16T13:00,26.0,42.0,257,ON,OFF
2024-10-16T13:30,29.1,37.1,80,ON,OFF
2024-10-16T14:00,17.7,36.1,936,ON,ON
2024-10-16T14:30,16.0,45.2,1021,ON,ON
2024-10-16T15:00,26.1,35.1,267,ON,OFF
2024-10-16T15:30,23.6,64.6,418,OFF,OFF
2024-10-16T16:00,27.6,33.1,234,ON,OFF
2024-10-16T16:30,17.1,55.5,832,ON,ON
2024-10-16T17:00,26.9,79.8,310,ON,OFF
2024-10-16T17:30,18.0,70.7,812,ON,ON
2024-10-16T18:00,17.5,60.8,974,OFF,ON
2024-10-16T18:30,17.5,45.3,985,OFF,ON
2024-10-16T19:00,27.2,61.2,356,ON,OFF
2024-10-16T19:30,25.0,56.4,212,ON,OFF
2024-10-16T20:00,22.8,51.3,573,OFF,OFF
2024-10-16T20:30,20.4,36.5,48,ON,OFF
2024-10-16T21:00,28.2,74.3,126,ON,OFF
2024-10-16T21:30,20.9,52.5,222,ON,OFF
2024-10-16T22:00,27.2,39.7,920,OFF,OFF
2024-10-16T22:30,21.6,48.4,278,ON,OFF
2024-10-16T23:00,20.7,50.7,407,OFF,OFF
2024-10-16T23:30,21.9,71.4,504,OFF,OFF
2024-10-17T00:00,19.5,66.7,293,ON,ON
2024-10-17T00:30,26.2,68.5,795,OFF,OFF
2024-10-17T01:00,22.5,30.6,276,ON,OFF
2024-10-17T01:30,18.5,50.8,437,ON,ON
2024-10-17T02:00,28.5,54.1,106,ON,OFF
2024-10-17T02:30,20.8,31.0,657,OFF,OFF
2024-10-17T03:00,23.2,43.0,419,ON,OFF
2024-10-17T03:30,28.6,68.0,610,OFF,OFF
2024-10-17T04:00,24.4,36.9,428,OFF,OFF
2024-10-17T04:30,16.8,56.8,374,ON,ON
2024-10-17T05:00,29.1,40.8,72,ON,OFF
2024-10-17T05:30,24.4,30.6,948,ON,OFF
2024-10-17T06:00,20.0,42.1,997,OFF,OFF
2024-10-17T06:30,17.1,78.8,633,ON,ON
2024-10-17T07:00,26.9,70.1,29,ON,OFF
2024-10-17T07:30,24.3,78.0,187,ON,OFF
2024-10-17T08:00,23.0,54.4,363,OFF,OFF
2024-10-17T08:30,28.4,35.5,865,ON,OFF
2024-10-17T09:00,26.8,57.4,799,ON,OFF
2024-10-17T09:30,17.3,52.7,450,OFF,ON
2024-10-17T10:00,19.7,72.2,194,ON,ON
2024-10-17T10:30,18.7,34.9,155,ON,ON
2024-10-17T11:00,26.2,54.4,171,ON,OFF
2024-10-17T11:30,15.5,37.5,846,OFF,ON
2024-10-17T12:00,23.5,46.2,40,ON,OFF
2024-10-17T12:30,26.4,66.9,62,ON,OFF
2024-10-17T13:00,28.2,53.8,22,ON,OFF
2024-10-17T13:30,20.1,48.8,359,OFF,OFF
2024-10-17T14:00,27.3,49.7,74,ON,OFF
2024-10-17T14:30,16.7,53.0,559,ON,ON
2024-10-17T15:00,27.7,69.3,671,OFF,OFF
2024-10-17T15:30,16.9,74.6,1017,OFF,ON
2024-10-17T16:00,21.0,77.8,1018,OFF,OFF
2024-10-17T16:30,27.0,69.3,824,OFF,OFF
2024-10-17T17:00,17.2,45.8,117,ON,ON
2024-10-17T17:30,18.4,64.4,611,OFF,ON
2024-10-17T18:00,25.8,51.9,379,ON,OFF
2024-10-17T18:30,25.8,42.7,928,ON,OFF
2024-10-17T19:00,24.6,72.0,919,OFF,OFF
2024-10-17T19:30,25.4,31.9,678,ON,OFF
2024-10-17T20:00,23.1,75.1,289,ON,OFF
2024-10-17T20:30,18.8,53.1,439,OFF,ON
2024-10-17T21:00,20.2,61.9,667,ON,OFF
2024-10-17T21:30,17.7,63.0,932,OFF,ON
2024-10-17T22:00,28.6,74.8,6,ON,OFF
2024-10-17T22:30,23.8,61.8,195,ON,OFF
2024-10-17T23:00,21.0,60.7,420,OFF,OFF
2024-10-17T23:30,21.9,33.3,567,ON,OFF
2024-10-18T00:00,29.2,55.9,832,ON,OFF
2024-10-18T00:30,17.3,37.5,192,ON,ON
2024-10-18T01:00,23.8,66.9,558,ON,OFF
2024-10-18T01:30,22.6,55.6,147,ON,OFF
2024-10-18T02:00,24.2,64.0,786,OFF,OFF
2024-10-18T02:30,15.3,32.1,668,OFF,ON
2024-10-18T03:00,28.1,34.2,201,ON,OFF
2024-10-18T03:30,29.0,65.8,443,ON,OFF
2024-10-18T04:00,23.5,33.6,913,OFF,OFF
2024-10-18T04:30,25.4,33.6,987,ON,OFF
2024-10-18T05:00,28.8,30.6,418,ON,OFF
2024-10-18T05:30,25.6,77.8,426,OFF,OFF
2024-10-18T06:00,17.3,66.9,1006,ON,ON
2024-10-18T06:30,23.6,47.7,478,ON,OFF
2024-10-18T07:00,24.1,44.8,474,ON,OFF
2024-10-18T07:30,21.4,47.5,125,ON,OFF
2024-10-18T08:00,26.0,68.7,394,ON,OFF
2024-10-18T08:30,29.0,63.1,816,ON,OFF
2024-10-18T09:00,28.9,39.3,880,ON,OFF
2024-10-18T09:30,21.8,38.7,805,OFF,OFF
2024-10-18T10:00,16.7,34.9,575,ON,ON
2024-10-18T10:30,29.8,63.0,324,OFF,OFF
2024-10-18T11:00,27.6,68.2,391,ON,OFF
2024-10-18T11:30,16.9,43.3,929,ON,ON
2024-10-18T12:00,28.8,31.0,687,OFF,OFF
2024-10-18T12:30,28.0,34.1,627,OFF,OFF
2024-10-18T13:00,22.8,78.4,439,ON,OFF
2024-10-18T13:30,23.9,44.8,203,ON,OFF
2024-10-18T14:00,21.0,68.5,485,OFF,OFF
2024-10-18T14:30,15.8,61.2,832,OFF,ON
2024-10-18T15:00,20.0,49.1,30,ON,OFF
2024-10-18T15:30,27.0,40.3,387,OFF,OFF
2024-10-18T16:00,15.1,36.1,624,OFF,ON
2024-10-18T16:30,20.0,60.8,876,ON,OFF
2024-10-18T17:00,21.0,68.7,433,ON,OFF
2024-10-18T17:30,23.1,62.2,836,OFF,OFF
2024-10-18T18:00,28.8,56.5,925,ON,OFF
2024-10-18T18:30,20.2,32.1,375,OFF,OFF
2024-10-18T19:00,20.2,78.4,343,ON,OFF
2024-10-18T19:30,26.1,69.9,442,ON,OFF
2024-10-18T20:00,21.8,44.6,578,OFF,OFF
2024-10-18T20:30,18.4,79.0,74,ON,ON
2024-10-18T21:00,21.8,60.1,556,ON,OFF
2024-10-18T21:30,17.1,59.1,771,OFF,ON
2024-10-18T22:00,17.6,67.4,665,OFF,ON
2024-10-18T22:30,22.5,70.6,154,ON,OFF
2024-10-18T23:00,21.3,62.8,429,OFF,OFF
2024-10-18T23:30,28.7,36.4,1013,OFF,OFF
2024-10-19T00:00,20.4,46.9,362,OFF,OFF
2024-10-19T00:30,23.7,76.4,447,OFF,OFF
2024-10-19T01:00,24.5,41.2,986,OFF,OFF
2024-10-19T01:30,15.2,48.6,233,ON,ON
2024-10-19T02:00,25.0,51.6,562,ON,OFF
2024-10-19T02:30,17.7,52.0,817,ON,ON
2024-10-19T03:00,29.4,60.6,261,ON,OFF
2024-10-19T03:30,17.2,77.2,826,ON,ON
2024-10-19T04:00,21.2,42.0,124,ON,OFF
2024-10-19T04:30,16.3,36.1,910,ON,ON
2024-10-19T05:00,30.0,39.9,244,ON,OFF
2024-10-19T05:30,22.5,74.3,541,OFF,OFF
2024-10-19T06:00,23.9,62.3,937,OFF,OFF
2024-10-19T06:30,16.0,44.3,484,OFF,ON
2024-10-19T07:00,26.2,70.8,121,ON,OFF
2024-10-19T07:30,18.1,73.1,124,ON,ON
2024-10-19T08:00,28.5,72.3,548,ON,OFF
2024-10-19T08:30,18.1,75.9,169,ON,ON
2024-10-19T09:00,17.9,42.6,123,ON,ON
2024-10-19T09:30,15.5,67.8,868,OFF,ON
2024-10-19T10:00,22.1,53.0,34,ON,OFF
2024-10-19T10:30,23.5,72.1,86,ON,OFF
2024-10-19T11:00,16.0,66.4,645,ON,ON
2024-10-19T11:30,26.6,68.8,707,OFF,OFF
2024-10-19T12:00,21.8,62.8,785,OFF,OFF
2024-10-19T12:30,22.9,38.9,1019,ON,OFF
2024-10-19T13:00,21.6,57.3,200,ON,OFF
2024-10-19T13:30,21.0,79.2,368,ON,OFF
2024-10-19T14:00,23.4,76.9,796,ON,OFF
2024-10-19T14:30,17.3,32.2,76,ON,ON
2024-10-19T15:00,17.7,38.2,58,ON,ON
2024-10-19T15:30,27.9,36.6,430,OFF,OFF
2024-10-19T16:00,29.2,66.3,637,OFF,OFF
2024-10-19T16:30,20.6,70.9,499,OFF,OFF
2024-10-19T17:00,19.1,40.7,912,ON,ON
2024-10-19T17:30,24.7,55.3,108,ON,OFF
2024-10-19T18:00,21.1,72.0,735,ON,OFF
2024-10-19T18:30,15.4,66.6,1007,OFF,ON
2024-10-19T19:00,17.3,57.1,277,ON,ON
2024-10-19T19:30,25.7,59.5,67,ON,OFF
2024-10-19T20:00,24.9,55.4,68,ON,OFF
2024-10-19T20:30,15.4,44.9,164,ON,ON
2024-10-19T21:00,18.3,58.3,488,OFF,ON
2024-10-19T21:30,18.5,64.4,304,ON,ON
2024-10-19T22:00,25.1,73.7,908,ON,OFF
2024-10-19T22:30,15.3,61.8,673,OFF,ON
2024-10-19T23:00,16.6,68.1,364,ON,ON
2024-10-19T23:30,27.0,38.0,853,ON,OFF
2024-10-20T00:00,17.7,53.1,820,ON,ON
2024-10-20T00:30,24.8,30.5,378,OFF,OFF
2024-10-20T01:00,18.6,42.3,342,OFF,ON
2024-10-20T01:30,16.5,66.3,946,OFF,ON
2024-10-20T02:00,18.6,79.6,898,OFF,ON
2024-10-20T02:30,25.8,35.0,553,OFF,OFF
2024-10-20T03:00,27.8,50.1,353,ON,OFF
2024-10-20T03:30,27.5,70.0,415,OFF,OFF
2024-10-20T04:00,21.0,40.2,108,ON,OFF
2024-10-20T04:30,25.0,57.8,562,ON,OFF
2024-10-20T05:00,18.1,66.7,761,OFF,ON
2024-10-20T05:30,19.4,60.8,496,ON,ON
2024-10-20T06:00,28.4,39.4,340,ON,OFF
2024-10-20T06:30,15.2,47.8,941,ON,ON
2024-10-20T07:00,16.3,69.2,382,ON,ON
2024-10-20T07:30,18.1,57.7,1003,ON,ON
2024-10-20T08:00,15.4,30.3,532,ON,ON
2024-10-20T08:30,17.7,68.0,299,ON,ON
2024-10-20T09:00,23.7,31.8,138,ON,OFF
2024-10-20T09:30,21.3,67.3,358,OFF,OFF
2024-10-20T10:00,28.4,40.1,835,ON,OFF
2024-10-20T10:30,27.3,77.9,498,OFF,OFF
2024-10-20T11:00,20.1,48.4,384,OFF,OFF
2024-10-20T11:30,18.9,46.3,603,OFF,ON
2024-10-20T12:00,20.7,37.4,958,OFF,OFF
2024-10-20T12:30,23.9,45.3,279,ON,OFF
2024-10-20T13:00,19.0,73.8,636,OFF,ON
2024-10-20T13:30,24.4,79.8,482,ON,OFF
2024-10-20T14:00,21.1,48.4,908,ON,OFF
2024-10-20T14:30,23.3,52.4,110,ON,OFF
2024-10-20T15:00,21.5,66.1,865,ON,OFF
2024-10-20T15:30,19.4,74.3,138,ON,ON
2024-10-20T16:00,29.2,59.7,995,OFF,OFF
2024-10-20T16:30,26.5,49.6,434,OFF,OFF
2024-10-20T17:00,17.1,50.6,508,ON,ON
2024-10-20T17:30,28.0,64.8,272,ON,OFF
2024-10-20T18:00,22.3,30.2,98,ON,OFF
2024-10-20T18:30,28.4,61.0,763,ON,OFF
2024-10-20T19:00,27.0,47.8,849,OFF,OFF
2024-10-20T19:30,21.4,69.7,103,ON,OFF
2024-10-20T20:00,15.3,34.6,213,ON,ON
2024-10-20T20:30,19.0,59.4,760,ON,ON
2024-10-20T21:00,23.1,54.0,663,OFF,OFF
2024-10-20T21:30,24.5,62.1,761,OFF,OFF
2024-10-20T22:00,18.9,33.2,786,OFF,ON
2024-10-20T22:30,17.1,59.0,164,ON,ON
2024-10-20T23:00,27.5,58.1,998,OFF,OFF
2024-10-20T23:30,29.8,58.0,852,OFF,OFF
2024-10-21T00:00,22.9,60.2,519,ON,OFF
2024-10-21T00:30,17.6,63.8,283,ON,ON
2024-10-21T01:00,19.1,70.2,516,OFF,ON
2024-10-21T01:30,15.3,43.5,656,OFF,ON
2024-10-21T02:00,28.7,71.3,612,ON,OFF
2024-10-21T02:30,16.8,54.9,163,ON,ON
2024-10-21T03:00,23.6,33.9,885,ON,OFF
2024-10-21T03:30,19.1,32.9,658,ON,ON
2024-10-21T04:00,23.3,46.7,1022,ON,OFF
2024-10-21T04:30,24.8,69.2,63,ON,OFF
2024-10-21T05:00,27.4,65.4,90,ON,OFF
2024-10-21T05:30,18.1,69.4,116,ON,ON
2024-10-21T06:00,15.2,55.9,865,OFF,ON
2024-10-21T06:30,17.1,52.0,266,ON,ON
2024-10-21T07:00,28.5,37.4,821,OFF,OFF
2024-10-21T07:30,28.1,46.4,684,ON,OFF
2024-10-21T08:00,24.0,51.7,558,ON,OFF
2024-10-21T08:30,24.0,34.4,139,ON,OFF
2024-10-21T09:00,25.0,41.0,245,ON,OFF
2024-10-21T09:30,17.6,59.9,660,OFF,ON
2024-10-21T10:00,28.7,66.8,757,ON,OFF
2024-10-21T10:30,21.3,79.9,394,ON,OFF
2024-10-21T11:00,20.7,76.7,486,OFF,OFF
2024-10-21T11:30,22.8,62.1,475,OFF,OFF
2024-10-21T12:00,15.7,51.1,516,ON,ON
2024-10-21T12:30,17.5,61.8,976,ON,ON
2024-10-21T13:00,26.1,69.3,183,ON,OFF
2024-10-21T13:30,16.2,35.9,19,ON,ON
2024-10-21T14:00,24.0,50.5,936,ON,OFF
2024-10-21T14:30,18.7,72.0,557,OFF,ON
2024-10-21T15:00,20.8,49.2,1017,OFF,OFF
2024-10-21T15:30,19.3,58.6,523,ON,ON
2024-10-21T16:00,20.3,59.4,581,OFF,OFF
2024-10-21T16:30,25.8,39.2,528,OFF,OFF
2024-10-21T17:00,19.5,48.1,882,ON,ON
2024-10-21T17:30,23.5,46.7,146,ON,OFF
2024-10-21T18:00,22.1,31.3,665,ON,OFF
2024-10-21T18:30,25.0,31.2,303,OFF,OFF
2024-10-21T19:00,29.1,71.6,619,ON,OFF
2024-10-21T19:30,26.0,43.7,747,ON,OFF
2024-10-21T20:00,18.2,55.9,819,OFF,ON
2024-10-21T20:30,15.5,44.9,863,OFF,ON
2024-10-21T21:00,18.9,77.0,581,OFF,ON
2024-10-21T21:30,23.9,43.0,1022,OFF,OFF
2024-10-21T22:00,15.8,51.5,694,OFF,ON
2024-10-21T22:30,22.4,73.6,761,ON,OFF
2024-10-21T23:00,24.0,72.1,227,ON,OFF
2024-10-21T23:30,20.0,39.3,101,ON,OFF
2024-10-22T00:00,26.6,70.1,586,OFF,OFF
2024-10-22T00:30,16.6,52.9,416,ON,ON
2024-10-22T01:00,16.1,54.1,957,ON,ON
2024-10-22T01:30,25.9,36.7,215,ON,OFF
2024-10-22T02:00,22.4,34.0,406,OFF,OFF
2024-10-22T02:30,25.3,66.4,398,OFF,OFF
2024-10-22T03:00,21.5,54.8,922,ON,OFF
2024-10-22T03:30,18.7,51.8,714,OFF,ON
2024-10-22T04:00,27.3,66.5,703,ON,OFF
2024-10-22T04:30,27.0,68.3,760,ON,OFF
2024-10-22T05:00,25.4,37.9,498,ON,OFF
2024-10-22T05:30,19.1,60.5,753,OFF,ON
2024-10-22T06:00,23.9,36.8,464,OFF,OFF
2024-10-22T06:30,20.4,67.6,690,ON,OFF
2024-10-22T07:00,16.4,62.8,948,OFF,ON
2024-10-22T07:30,28.8,77.8,973,ON,OFF
2024-10-22T08:00,17.1,33.4,730,OFF,ON
2024-10-22T08:30,29.3,32.9,81,ON,OFF
2024-10-22T09:00,21.7,44.1,603,ON,OFF
